                  epoch,         train/box_loss,         train/cls_loss,         train/dfl_loss,   metrics/precision(B),      metrics/recall(B),       metrics/mAP50(B),    metrics/mAP50-95(B),           val/box_loss,           val/cls_loss,           val/dfl_loss,                 lr/pg0,                 lr/pg1,                 lr/pg2
                      1,                 1.5927,                 2.2959,                0.99285,                0.86581,                0.93534,                0.91932,                0.67323,                0.91248,                 32.987,                0.75974,              0.0033312,              0.0033312,              0.0033312
                      2,                 1.1691,                0.96296,                 0.8629,                0.87317,                0.96289,                0.88413,                0.63415,                0.94773,                 39.894,                0.76492,              0.0066629,              0.0066629,              0.0066629
                      3,                 1.1564,                0.77239,                0.85795,                0.87481,                0.96541,                0.91253,                0.67687,                0.90172,                 55.991,                0.74787,              0.0099881,              0.0099881,              0.0099881
                      4,                  1.077,                0.63904,                0.84667,                0.87181,                0.96651,                0.89907,                 0.6845,                0.83744,                 44.833,                0.74315,               0.009978,               0.009978,               0.009978
                      5,                  1.004,                0.57256,                 0.8366,                 0.8782,                 0.9687,                0.93433,                 0.7238,                0.81777,                 40.456,                0.74303,               0.009978,               0.009978,               0.009978
                      6,                 0.9578,                0.53671,                0.83204,                0.87794,                  0.978,                0.90323,                0.70582,                0.79727,                 44.093,                0.73691,               0.009961,               0.009961,               0.009961
