                  epoch,         train/box_loss,         train/cls_loss,         train/dfl_loss,   metrics/precision(B),      metrics/recall(B),       metrics/mAP50(B),    metrics/mAP50-95(B),           val/box_loss,           val/cls_loss,           val/dfl_loss,                 lr/pg0,                 lr/pg1,                 lr/pg2
                      1,                 1.2735,                 1.3715,                0.97105,                0.87398,                0.95489,                 0.9302,                 0.6724,                 1.1397,                 28.598,                0.78944,               0.070019,              0.0033312,              0.0033312
                      2,                0.99009,                0.61867,                 0.8676,                0.87658,                0.96436,                 0.9397,                0.65052,                 1.1797,                 53.678,                0.79253,               0.040018,              0.0066629,              0.0066629
                      3,                0.97647,                0.57825,                0.86558,                 0.8756,                0.96904,                0.90542,                0.65876,                 1.0846,                 49.345,                0.78605,                0.01001,              0.0099881,              0.0099881
                      4,                0.93389,                0.52872,                0.85939,                0.87608,                0.97682,                0.91227,                0.67948,                0.99909,                 55.673,                0.77033,               0.009978,               0.009978,               0.009978
                      5,                0.89341,                0.48791,                0.85111,                0.87821,                0.97896,                0.90974,                0.67468,                 1.0139,                 47.963,                0.77255,               0.009978,               0.009978,               0.009978
