                  epoch,         train/box_loss,         train/cls_loss,         train/dfl_loss,   metrics/precision(B),      metrics/recall(B),       metrics/mAP50(B),    metrics/mAP50-95(B),           val/box_loss,           val/cls_loss,           val/dfl_loss,                 lr/pg0,                 lr/pg1,                 lr/pg2
                      1,                 1.5991,                 2.3065,                 0.9948,                0.86465,                0.93966,                0.92099,                0.66644,                0.94251,                 31.948,                0.76253,              0.0033312,              0.0033312,              0.0033312
                      2,                 1.1684,                0.96698,                0.86282,                0.87325,                0.95844,                0.89867,                0.66591,                0.89099,                 34.515,                 0.7546,              0.0066629,              0.0066629,              0.0066629
                      3,                 1.1569,                0.77286,                0.85797,                0.87429,                0.96727,                0.90061,                0.67883,                0.88514,                 54.687,                0.74769,              0.0099881,              0.0099881,              0.0099881
                      4,                 1.0762,                0.64291,                0.84637,                0.87738,                0.96745,                0.92646,                0.70152,                0.84734,                 46.767,                0.74368,               0.009978,               0.009978,               0.009978
