                  epoch,         train/box_loss,         train/cls_loss,         train/dfl_loss,   metrics/precision(B),      metrics/recall(B),       metrics/mAP50(B),    metrics/mAP50-95(B),           val/box_loss,           val/cls_loss,           val/dfl_loss,                 lr/pg0,                 lr/pg1,                 lr/pg2
                      1,                 1.2035,                 1.3249,                0.94355,                0.87395,                0.95849,                0.93206,                0.70083,                0.96372,                 34.553,                0.76064,               0.070019,              0.0033312,              0.0033312
                      2,                0.92553,                 0.5943,                0.84971,                0.87855,                0.96653,                0.93588,                0.69407,                0.93638,                 34.264,                0.74816,               0.040018,              0.0066629,              0.0066629
                      3,                0.90638,                0.56477,                0.84758,                0.87541,                0.96904,                0.90605,                0.70055,                0.80188,                 43.157,                0.73705,                0.01001,              0.0099881,              0.0099881
