                  epoch,         train/box_loss,         train/cls_loss,         train/dfl_loss,   metrics/precision(B),      metrics/recall(B),       metrics/mAP50(B),    metrics/mAP50-95(B),           val/box_loss,           val/cls_loss,           val/dfl_loss,                 lr/pg0,                 lr/pg1,                 lr/pg2
                      1,                 1.8957,                 2.9516,                 1.0597,                0.76743,                0.83116,                0.83733,                0.58862,                 1.0416,                 19.141,                0.78027,               0.067021,             0.00033312,             0.00033312
                      2,                 1.1386,                0.91813,                0.87216,                0.83733,                0.90524,                0.88658,                0.65232,                  0.924,                 28.443,                0.75986,               0.034021,             0.00066629,             0.00066629
                      3,                 1.0597,                0.77296,                0.85497,                0.85852,                0.93152,                0.90158,                0.66985,                0.88478,                 28.043,                0.74924,              0.0010202,             0.00099881,             0.00099881
