                  epoch,         train/box_loss,         train/cls_loss,         train/dfl_loss,   metrics/precision(B),      metrics/recall(B),       metrics/mAP50(B),    metrics/mAP50-95(B),           val/box_loss,           val/cls_loss,           val/dfl_loss,                 lr/pg0,                 lr/pg1,                 lr/pg2
                      1,                 1.3244,                 1.1135,                0.89751,                0.86065,                0.93356,                0.88771,                0.62716,                0.99867,                 32.055,                0.75601,               0.067021,             0.00033312,             0.00033312
                      2,                 1.0217,                0.62263,                0.84153,                 0.8732,                 0.9648,                0.89418,                0.68677,                0.79371,                 46.296,                0.73593,               0.034021,             0.00066629,             0.00066629
                      3,                 0.9601,                0.55617,                0.83122,                0.87692,                0.96751,                0.93221,                0.71857,                0.80397,                  42.86,                0.73253,              0.0010202,             0.00099881,             0.00099881
