                  epoch,         train/box_loss,         train/cls_loss,         train/dfl_loss,   metrics/precision(B),      metrics/recall(B),       metrics/mAP50(B),    metrics/mAP50-95(B),           val/box_loss,           val/cls_loss,           val/dfl_loss,                 lr/pg0,                 lr/pg1,                 lr/pg2
                      1,                 1.7242,                 1.3679,                0.98634,                0.44914,                0.19027,                0.11716,                0.06466,                 1.8764,                 71.563,                0.95402,               0.067021,             0.00033312,             0.00033312
                      2,                 1.3444,                0.83408,                0.90109,                0.71651,                 0.8922,                0.87753,                0.47308,                 1.7462,                 44.303,                0.91181,               0.034021,             0.00066629,             0.00066629
                      3,                 1.2524,                0.77095,                0.88467,                0.83884,                0.60718,                 0.8119,                0.51402,                  1.305,                 34.637,                0.83271,              0.0010202,             0.00099881,             0.00099881
                      4,                 1.1588,                0.70835,                0.87084,                0.78547,                0.83286,                0.81741,                0.46424,                 2.0046,                 24.972,                 1.0851,              0.0009978,              0.0009978,              0.0009978
